{
    "list": [
	{
	    "id": "1287641"
	    ,"x1": 0.21466666666666667
	    ,"x2": 0.7786666666666666
	    ,"y1": 0.6831445245451425
	    ,"y2": 0.7669069687607277 
	    ,"content": "niubi"
	}
	,{
	    "id": "12874641"
	    ,"x1": 0.4093333333333333
	    ,"x2": 0.6093333333333333
	    ,"y1": 0.10985238585650532
	    ,"y2": 0.14933058702368693 
	    ,"content": "Google!!! "
	}
	,{
	    "id": "12876641"
	    ,"x1": 0.08
	    ,"x2": 0.252
	    ,"y1": 0.020940611053896326
	    ,"y2": 0.0477171301064195
	    ,"content": "orz"
	}
    ]
}
