{
    "pages": 3
    ,"content": [
	{
	    "page": 1
	    ,"url": "/img/101/1.png"
	    ,"ratio": 1.2941176470588235294117647058824
	}
	,{
	    "page": 2
	    ,"url": "/img/101/2.png"
	    ,"ratio": 1.2941176470588235294117647058824
	}
	,{
	    "page": 3
	    ,"url": "/img/101/3.png"
	    ,"ratio": 1.2941176470588235294117647058824
	}
    ]
}
